{"loss_train": 499.7938232421875, "loss_val": 1.7843904495239258, "acc_train": 0.2, "acc_val": 0.4266666666666667, "val_f1": 0.28844665320441853, "train_f1": 0.5182678919521025, "_timestamp": 1655189698, "_runtime": 5, "_step": 0, "_wandb": {"runtime": 6}}