{"loss_train": -497.2944030761719, "loss_val": 1.1314504146575928, "acc_train": 0.75, "acc_val": 0.6633333333333333, "val_f1": 0.6232222354769089, "train_f1": 0.9710815500289184, "_timestamp": 1655189101, "_runtime": 25, "_step": 299, "_wandb": {"runtime": 26}}