{"loss_train": 0.747327446937561, "loss_val": 1.1528582572937012, "acc_train": 0.78, "acc_val": 0.66, "val_f1": 0.6253098870010217, "train_f1": 0.9710815500289184, "_timestamp": 1655185656, "_runtime": 22, "_step": 299, "_wandb": {"runtime": 23}}