{"loss_train": 20.961023330688477, "loss_val": 0.8773476481437683, "acc_train": 0.5975353171024947, "acc_val": 0.8238653441538923, "val_f1": 0.8017654417431469, "train_f1": 0.8017654417431469, "_timestamp": 1654664071, "_runtime": 30, "_step": 299, "_wandb": {"runtime": 117}}