{"loss_train": 0.7100893259048462, "loss_val": 1.1310383081436157, "acc_train": 0.75, "acc_val": 0.6633333333333333, "val_f1": 0.6240755270307407, "train_f1": 0.9710815500289184, "_timestamp": 1655188231, "_runtime": 29, "_step": 299, "_wandb": {"runtime": 30}}