{"loss_train": 1.1524509191513062, "loss_val": 0.877641499042511, "acc_train": 0.5972347460174331, "acc_val": 0.8235647730688307, "val_f1": 0.801924482070163, "train_f1": 0.801924482070163, "_timestamp": 1654591111, "_runtime": 35, "_step": 299, "_wandb": {"runtime": 128}}