{"loss_val": 1.05582857131958, "acc_train": 0.5339347079037801, "acc_val": 0.7747747747747747, "val_f1": 0.7368391348388297, "train_f1": 0.8115096503500562, "_timestamp": 1655377456, "_runtime": 19, "_step": 299, "_wandb": {"runtime": 20}}