{"loss_train": 0.70054692029953, "loss_val": 1.061100721359253, "acc_train": 0.7583333333333333, "acc_val": 0.684, "val_f1": 0.65289531910001, "train_f1": 0.9833229101521784, "_timestamp": 1654077171, "_runtime": 38, "_step": 499, "_wandb": {"runtime": 39}}