{"loss_train": 1.136724829673767, "loss_val": 1.415076494216919, "acc_train": 0.575, "acc_val": 0.6960000000000001, "val_f1": 0.668411149879084, "train_f1": 0.9663399663399663, "_timestamp": 1654068924, "_runtime": 22, "_step": 299, "_wandb": {"runtime": 23}}