{"loss_train": 0.2229018211364746, "loss_val": 1.1761863231658936, "acc_train": 0.76, "acc_val": 0.66, "val_f1": 0.6199871547800178, "train_f1": 0.9593681172628542, "_timestamp": 1654665718, "_runtime": 26, "_step": 299, "_wandb": {"runtime": 30}}