{"loss_train": 0.31298378109931946, "loss_val": 0.3879084289073944, "acc_train": 0.65, "acc_val": 0.6920000000000001, "val_f1": 0.6689090447610297, "train_f1": 0.9749530173150198, "_timestamp": 1654078288, "_runtime": 20, "_step": 299, "_wandb": {"runtime": 21}}