{"loss_val": 1.1129955053329468, "acc_train": 0.76, "acc_val": 0.6566666666666667, "val_f1": 0.6140188699927952, "train_f1": 0.9710815500289184, "_timestamp": 1655192000, "_runtime": 24, "_step": 299, "_wandb": {"runtime": 25}}