{"loss_train": 0.9392647743225098, "loss_val": 1.170021891593933, "acc_train": 0.6666666666666666, "acc_val": 0.686, "val_f1": 0.6642659251735168, "train_f1": 0.9749530173150198, "_timestamp": 1654079647, "_runtime": 21, "_step": 299, "_wandb": {"runtime": 21}}