{"loss_train": 1.7750065326690674, "loss_val": 1.7684266567230225, "acc_train": 0.47000000000000003, "acc_val": 0.5133333333333334, "val_f1": 0.39484241135906645, "train_f1": 0.7117521367521368, "_timestamp": 1654665167, "_runtime": 7, "_step": 2, "_wandb": {"runtime": 11}}