{"loss_train": 9.190474510192871, "loss_val": 1.7588495016098022, "acc_train": 0.3931469792605951, "acc_val": 0.7222723174030657, "val_f1": 0.6235140783125713, "train_f1": 0.6235140783125713, "_timestamp": 1654663665, "_runtime": 7, "_step": 1, "_wandb": {"runtime": 8}}