{"loss_train": 1.6198527812957764, "loss_val": 1.7486851215362549, "acc_train": 0.425, "acc_val": 0.306, "val_f1": 0.31143603927044095, "train_f1": 0.5368410647322746, "_timestamp": 1654076634, "_runtime": 22, "_step": 299, "_wandb": {"runtime": 23}}