{"loss_train": 0.7104074954986572, "loss_val": 1.1338552236557007, "acc_train": 0.75, "acc_val": 0.66, "val_f1": 0.6209233849021962, "train_f1": 0.9710815500289184, "_timestamp": 1654665554, "_runtime": 31, "_step": 299, "_wandb": {"runtime": 35}}