{"loss_train": 8.101333618164062, "loss_val": 1.152228593826294, "acc_train": 0.78, "acc_val": 0.66, "val_f1": 0.6246707690439296, "train_f1": 0.9710815500289184, "_timestamp": 1655185462, "_runtime": 28, "_step": 299, "_wandb": {"runtime": 29}}