{"loss_train": 499.7633972167969, "loss_val": 1.7684268951416016, "acc_train": 0.47000000000000003, "acc_val": 0.5133333333333334, "val_f1": 0.39484241135906645, "train_f1": 0.7117521367521368, "_timestamp": 1655190160, "_runtime": 5, "_step": 2, "_wandb": {"runtime": 7}}