{"loss_train": 1.1519231796264648, "loss_val": 0.877644419670105, "acc_train": 0.5966336038473099, "acc_val": 0.824165915238954, "val_f1": 0.8025170152678612, "train_f1": 0.8025170152678612, "_timestamp": 1654663864, "_runtime": 29, "_step": 299, "_wandb": {"runtime": 31}}