{"loss_train": 1.6668415069580078, "loss_val": 1.1526902914047241, "acc_train": 0.78, "acc_val": 0.66, "val_f1": 0.6253098870010217, "train_f1": 0.9710815500289184, "_timestamp": 1655185031, "_runtime": 27, "_step": 299, "_wandb": {"runtime": 28}}