{"loss_train": 1.7763041257858276, "loss_val": 1.7587792873382568, "acc_train": 0.391644123835287, "acc_val": 0.7225728884881274, "val_f1": 0.6240361215089596, "train_f1": 0.6240361215089596, "_timestamp": 1654592364, "_runtime": 8, "_step": 1, "_wandb": {"runtime": 9}}