{"loss_train": 1.6913105249404907, "loss_val": 1.7555809020996094, "acc_train": 0.3833333333333333, "acc_val": 0.328, "val_f1": 0.35307709217356315, "train_f1": 0.572612141619711, "_timestamp": 1654076793, "_runtime": 23, "_step": 299, "_wandb": {"runtime": 24}}