{"loss_train": 9.13717269897461, "loss_val": 1.7750871181488037, "acc_train": 0.38, "acc_val": 0.49000000000000005, "val_f1": 0.4052989194180375, "train_f1": 0.7869418767251585, "_timestamp": 1655185390, "_runtime": 5, "_step": 2, "_wandb": {"runtime": 7}}