{"loss_train": 8.051997184753418, "loss_val": 1.1328842639923096, "acc_train": 0.75, "acc_val": 0.6633333333333333, "val_f1": 0.6240755270307407, "train_f1": 0.9710815500289184, "_timestamp": 1655187266, "_runtime": 28, "_step": 299, "_wandb": {"runtime": 30}}