{"loss_train": 147.56207275390625, "loss_val": 1.139934778213501, "acc_train": 0.76, "acc_val": 0.67, "val_f1": 0.6299882609955391, "train_f1": 0.9710815500289184, "_timestamp": 1655187401, "_runtime": 29, "_step": 299, "_wandb": {"runtime": 30}}