{"loss_val": 0.7200929522514343, "acc_train": 0.7571428571428571, "acc_val": 0.8066666666666668, "val_f1": 0.7756099349833337, "train_f1": 0.9949140724334523, "_timestamp": 1655711280, "_runtime": 25, "_step": 299, "_wandb": {"runtime": 26}}