{"loss_train": 8.57994270324707, "loss_val": 0.8772835731506348, "acc_train": 0.5981364592726179, "acc_val": 0.8247670574090772, "val_f1": 0.8031561000098278, "train_f1": 0.8031561000098278, "_timestamp": 1654663729, "_runtime": 30, "_step": 299, "_wandb": {"runtime": 31}}