{"loss_train": 1.5457978248596191, "loss_val": 1.6986937522888184, "acc_train": 0.30833333333333335, "acc_val": 0.528, "val_f1": 0.48613371893052704, "train_f1": 0.8381252169463375, "_timestamp": 1654068422, "_runtime": 23, "_step": 299, "_wandb": {"runtime": 23}}