{"loss_train": 0.7493941783905029, "loss_val": 1.1530078649520874, "acc_train": 0.78, "acc_val": 0.66, "val_f1": 0.625903557759199, "train_f1": 0.9710815500289184, "_timestamp": 1655185567, "_runtime": 27, "_step": 299, "_wandb": {"runtime": 28}}