{"loss_train": 2.6930735111236572, "loss_val": 1.7750245332717896, "acc_train": 0.38, "acc_val": 0.48000000000000004, "val_f1": 0.39202698312732737, "train_f1": 0.7869418767251585, "_timestamp": 1655185362, "_runtime": 5, "_step": 2, "_wandb": {"runtime": 6}}