{"loss_val": 1.0949043035507202, "acc_train": 0.76, "acc_val": 0.65, "val_f1": 0.6005840455840455, "train_f1": 0.9710815500289184, "_timestamp": 1655191960, "_runtime": 25, "_step": 299, "_wandb": {"runtime": 26}}