{"loss_train": 1.793035626411438, "loss_val": 1.7752654552459717, "acc_train": 0.14878268710550044, "acc_val": 0.6747820859633303, "val_f1": 0.5835314441038534, "train_f1": 0.5835314441038534, "_timestamp": 1654591319, "_runtime": 7, "_step": 0, "_wandb": {"runtime": 106}}