{"loss_val": 1.047734260559082, "acc_train": 0.5678694158075601, "acc_val": 0.7567567567567568, "val_f1": 0.7239585796418844, "train_f1": 0.8018297391531287, "_timestamp": 1655708826, "_runtime": 57, "_step": 92, "_wandb": {"runtime": 58}}