{"loss_train": 1.6407281160354614, "loss_val": 1.7302284240722656, "acc_train": 0.5, "acc_val": 0.406, "val_f1": 0.3877695829766343, "train_f1": 0.5962212483559732, "_timestamp": 1654077361, "_runtime": 38, "_step": 499, "_wandb": {"runtime": 40}}