{"loss_train": 1.4421615600585938, "loss_val": 1.1316261291503906, "acc_train": 0.75, "acc_val": 0.6566666666666667, "val_f1": 0.6182236556254116, "train_f1": 0.9710815500289184, "_timestamp": 1655187098, "_runtime": 29, "_step": 299, "_wandb": {"runtime": 30}}