{"loss_val": 1.7805947065353394, "acc_train": 0.5642857142857143, "acc_val": 0.6033333333333334, "val_f1": 0.4277355355552274, "train_f1": 0.6168643924317994, "_timestamp": 1655709946, "_runtime": 10, "_step": 9, "_wandb": {"runtime": 11}}