{"loss_val": 1.746725082397461, "acc_train": 0.493127147766323, "acc_val": 0.7027027027027027, "val_f1": 0.6021892063042774, "train_f1": 0.6299912187124609, "_timestamp": 1655708664, "_runtime": 6, "_step": 2, "_wandb": {"runtime": 7}}