{"loss_train": 1.4877939224243164, "loss_val": 1.7588493824005127, "acc_train": 0.3931469792605951, "acc_val": 0.7222723174030657, "val_f1": 0.6235140783125713, "train_f1": 0.6235140783125713, "_timestamp": 1654663522, "_runtime": 10, "_step": 1, "_wandb": {"runtime": 11}}