{"loss_train": 125.20559692382812, "loss_val": 1.1313832998275757, "acc_train": 0.75, "acc_val": 0.6633333333333333, "val_f1": 0.6232222354769089, "train_f1": 0.9710815500289184, "_timestamp": 1655188591, "_runtime": 24, "_step": 299, "_wandb": {"runtime": 25}}