{"loss_train": 0.18487697839736938, "loss_val": 1.2620521783828735, "acc_train": 0.825, "acc_val": 0.5760000000000001, "val_f1": 0.5862854757525305, "train_f1": 0.9833229101521784, "_timestamp": 1654080489, "_runtime": 9, "_step": 99, "_wandb": {"runtime": 10}}