{"loss_train": 0.6528995633125305, "loss_val": 0.9813897013664246, "acc_train": 0.5320108205590622, "acc_val": 0.8229636308987075, "val_f1": 0.8015343216904028, "train_f1": 0.8015343216904028, "_timestamp": 1654580919, "_runtime": 28, "_step": 299, "_wandb": {"runtime": 29}}