{"loss_train": 538.6360473632812, "loss_val": 0.8798826932907104, "acc_train": 0.5888187556357078, "acc_val": 0.8235647730688307, "val_f1": 0.8012199878400846, "train_f1": 0.8012199878400846, "_timestamp": 1654583275, "_runtime": 217, "_step": 299, "_wandb": {"runtime": 309}}