{"loss_train": 0.9641321301460266, "loss_val": 1.1965664625167847, "acc_train": 0.61, "acc_val": 0.6433333333333334, "val_f1": 0.5955680331410985, "train_f1": 0.970684724632093, "_timestamp": 1655186730, "_runtime": 18, "_step": 299, "_wandb": {"runtime": 19}}