{"loss_train": 1.7798734903335571, "loss_val": 1.775029182434082, "acc_train": 0.38, "acc_val": 0.48000000000000004, "val_f1": 0.39332115907656795, "train_f1": 0.7965779834200889, "_timestamp": 1655184875, "_runtime": 7, "_step": 2}