{"loss_train": 0.7178962826728821, "loss_val": 1.09139883518219, "acc_train": 0.7666666666666666, "acc_val": 0.6940000000000001, "val_f1": 0.6673305288616551, "train_f1": 0.9916614550760893, "_timestamp": 1654068091, "_runtime": 26, "_step": 299, "_wandb": {"runtime": 26}}