{"loss_train": 1.7371129989624023, "loss_val": 1.7055201530456543, "acc_train": 0.5253982566877066, "acc_val": 0.7484220018034264, "val_f1": 0.6568097856504833, "train_f1": 0.6568097856504833, "_timestamp": 1654667023, "_runtime": 10, "_step": 3, "_wandb": {"runtime": 96}}