{"loss_train": 0.7989498376846313, "loss_val": 1.164783239364624, "acc_train": 0.7666666666666666, "acc_val": 0.6880000000000001, "val_f1": 0.6622008956675319, "train_f1": 0.9833229101521784, "_timestamp": 1654077034, "_runtime": 26, "_step": 299, "_wandb": {"runtime": 27}}