{"loss_val": 0.7198071479797363, "acc_train": 0.7571428571428571, "acc_val": 0.81, "val_f1": 0.7806138397484196, "train_f1": 0.9949140724334523, "_timestamp": 1655710631, "_runtime": 33, "_step": 299, "_wandb": {"runtime": 34}}