{"loss_val": 1.4014477729797363, "acc_train": 0.61, "acc_val": 0.4666666666666667, "val_f1": 0.4111235451417841, "train_f1": 0.9008772148307033, "_timestamp": 1655191811, "_runtime": 25, "_step": 299, "_wandb": {"runtime": 26}}