{"loss_train": 1.6736289262771606, "loss_val": 1.749379277229309, "acc_train": 0.48333333333333334, "acc_val": 0.36, "val_f1": 0.36050001118613423, "train_f1": 0.629937265464538, "_timestamp": 1654076852, "_runtime": 13, "_step": 99, "_wandb": {"runtime": 14}}