{"loss_train": 1.641538143157959, "loss_val": 1.7341123819351196, "acc_train": 0.39166666666666666, "acc_val": 0.382, "val_f1": 0.3578087130909711, "train_f1": 0.5487981193818402, "_timestamp": 1654076718, "_runtime": 22, "_step": 299, "_wandb": {"runtime": 24}}