{"loss_train": 0.6217843890190125, "loss_val": 1.2504500150680542, "acc_train": 0.8583333333333333, "acc_val": 0.59, "val_f1": 0.5965538434503952, "train_f1": 0.9916614550760893, "_timestamp": 1654080303, "_runtime": 9, "_step": 99, "_wandb": {"runtime": 10}}