{"loss_train": 0.8022804260253906, "loss_val": 1.2019731998443604, "acc_train": 0.75, "acc_val": 0.6880000000000001, "val_f1": 0.6596768396141056, "train_f1": 0.9830979888746256, "_timestamp": 1654069143, "_runtime": 23, "_step": 299, "_wandb": {"runtime": 23}}