{"loss_train": 13.531779289245605, "loss_val": 0.877339243888855, "acc_train": 0.5978358881875563, "acc_val": 0.8247670574090772, "val_f1": 0.8031165777979421, "train_f1": 0.8031165777979421, "_timestamp": 1654663801, "_runtime": 29, "_step": 299, "_wandb": {"runtime": 30}}