{"loss_val": 0.7201576828956604, "acc_train": 0.7571428571428571, "acc_val": 0.8066666666666668, "val_f1": 0.7775362424194778, "train_f1": 0.9949140724334523, "_timestamp": 1655710123, "_runtime": 32, "_step": 299, "_wandb": {"runtime": 33}}