{"loss_train": 1.1739528179168701, "loss_val": 0.870438277721405, "acc_train": 0.5873159002103997, "acc_val": 0.824165915238954, "val_f1": 0.8038730712013803, "train_f1": 0.8038730712013803, "_timestamp": 1654666074, "_runtime": 245, "_step": 299, "_wandb": {"runtime": 337}}