{"loss_train": 0.8455994725227356, "loss_val": 1.1827235221862793, "acc_train": 0.6900000000000001, "acc_val": 0.6566666666666667, "val_f1": 0.6212952621370297, "train_f1": 0.9593681172628542, "_timestamp": 1655186942, "_runtime": 16, "_step": 139, "_wandb": {"runtime": 17}}