{"loss_train": 0.7055990695953369, "loss_val": 1.1313835382461548, "acc_train": 0.75, "acc_val": 0.6633333333333333, "val_f1": 0.6232222354769089, "train_f1": 0.9710815500289184, "_timestamp": 1654665448, "_runtime": 28, "_step": 299, "_wandb": {"runtime": 30}}