{"loss_train": 0.6567582488059998, "loss_val": 1.365554928779602, "acc_train": 0.78, "acc_val": 0.5333333333333333, "val_f1": 0.520516216250849, "train_f1": 0.9668498168498169, "_timestamp": 1655186261, "_runtime": 7, "_step": 99, "_wandb": {"runtime": 8}}