{"loss_val": 1.8964139223098755, "acc_train": 0.5, "acc_val": 0.5766666666666667, "val_f1": 0.40654976930701153, "train_f1": 0.5177685377696767, "_timestamp": 1655711933, "_runtime": 9, "_step": 2, "_wandb": {"runtime": 11}}