{"loss_train": 1.1449042558670044, "loss_val": 0.871983528137207, "acc_train": 0.5954313195070634, "acc_val": 0.8211602043883378, "val_f1": 0.7987870624023099, "train_f1": 0.7987870624023099, "_timestamp": 1654666556, "_runtime": 324, "_step": 399, "_wandb": {"runtime": 411}}