{"loss_train": 1.6796207427978516, "loss_val": 1.763635277748108, "acc_train": 0.30833333333333335, "acc_val": 0.246, "val_f1": 0.24318175128749955, "train_f1": 0.45800033300033305, "_timestamp": 1654076504, "_runtime": 26, "_step": 299, "_wandb": {"runtime": 26}}