{"loss_train": 1.5320240259170532, "loss_val": 1.647555947303772, "acc_train": 0.3333333333333333, "acc_val": 0.56, "val_f1": 0.490126942262018, "train_f1": 0.740750325275136, "_timestamp": 1654068536, "_runtime": 32, "_step": 499, "_wandb": {"runtime": 33}}