{"loss_train": 0.10102463513612747, "loss_val": 1.2224040031433105, "acc_train": 0.8416666666666667, "acc_val": 0.602, "val_f1": 0.6021838294255842, "train_f1": 0.9916614550760893, "_timestamp": 1654080552, "_runtime": 10, "_step": 149, "_wandb": {"runtime": 11}}