{"loss_train": 0.3855626583099365, "loss_val": 0.47526833415031433, "acc_train": 0.6416666666666666, "acc_val": 0.6960000000000001, "val_f1": 0.6728145862520473, "train_f1": 0.9749530173150198, "_timestamp": 1654078929, "_runtime": 20, "_step": 299, "_wandb": {"runtime": 21}}