{"loss_train": 0.23627641797065735, "loss_val": 0.29026055335998535, "acc_train": 0.625, "acc_val": 0.6880000000000001, "val_f1": 0.6660087689629435, "train_f1": 0.9749530173150198, "_timestamp": 1654078745, "_runtime": 20, "_step": 299, "_wandb": {"runtime": 21}}