{"loss_val": 1.7653995752334595, "acc_train": 0.49, "acc_val": 0.5033333333333334, "val_f1": 0.37356866863347044, "train_f1": 0.6805219772435761, "_timestamp": 1655191708, "_runtime": 5, "_step": 2, "_wandb": {"runtime": 6}}