{"loss_train": 0.6741645336151123, "loss_val": 1.0422282218933105, "acc_train": 0.7916666666666666, "acc_val": 0.706, "val_f1": 0.6812257327812197, "train_f1": 0.9916614550760893, "_timestamp": 1654077645, "_runtime": 128, "_step": 999, "_wandb": {"runtime": 129}}