{"loss_train": 0.7132735848426819, "loss_val": 1.1308897733688354, "acc_train": 0.75, "acc_val": 0.6566666666666667, "val_f1": 0.6117271930521867, "train_f1": 0.9710815500289184, "_timestamp": 1654665363, "_runtime": 31, "_step": 299, "_wandb": {"runtime": 35}}