{"loss_val": 0.7196528911590576, "acc_train": 0.7571428571428571, "acc_val": 0.81, "val_f1": 0.7798895505713966, "train_f1": 0.9949140724334523, "_timestamp": 1655709751, "_runtime": 32, "_step": 299, "_wandb": {"runtime": 33}}