{"loss_train": 318.46533203125, "loss_val": 1.7715455293655396, "acc_train": 0.31379621280432823, "acc_val": 0.6865043582807333, "val_f1": 0.5984234382021537, "train_f1": 0.5984234382021537, "_timestamp": 1654592253, "_runtime": 9, "_step": 1, "_wandb": {"runtime": 10}}