{"loss_train": 0.11936778575181961, "loss_val": 1.2729524374008179, "acc_train": 0.8083333333333333, "acc_val": 0.558, "val_f1": 0.577597671861826, "train_f1": 0.9833229101521784, "_timestamp": 1654080455, "_runtime": 9, "_step": 99, "_wandb": {"runtime": 10}}