{"loss_train": 498.7055969238281, "loss_val": 1.1313834190368652, "acc_train": 0.75, "acc_val": 0.6633333333333333, "val_f1": 0.6232222354769089, "train_f1": 0.9710815500289184, "_timestamp": 1655189234, "_runtime": 25, "_step": 299, "_wandb": {"runtime": 26}}