{"loss_train": 1.2789520025253296, "loss_val": 1.8591701984405518, "acc_train": 0.4166666666666667, "acc_val": 0.196, "val_f1": 0.17970344896628151, "train_f1": 0.3442942942942943, "_timestamp": 1654080077, "_runtime": 12, "_step": 299, "_wandb": {"runtime": 13}}