{"loss_train": 1.1518921852111816, "loss_val": 0.8776019811630249, "acc_train": 0.5969341749323714, "acc_val": 0.8238653441538923, "val_f1": 0.8019591434772054, "train_f1": 0.8019591434772054, "_timestamp": 1654591477, "_runtime": 34, "_step": 299, "_wandb": {"runtime": 127}}