{"loss_train": 1.62553870677948, "loss_val": 1.7376333475112915, "acc_train": 0.43333333333333335, "acc_val": 0.338, "val_f1": 0.32985668006816476, "train_f1": 0.5691283086247682, "_timestamp": 1654077288, "_runtime": 26, "_step": 299, "_wandb": {"runtime": 27}}