{"loss_train": 2.5431180000305176, "loss_val": 1.1300876140594482, "acc_train": 0.75, "acc_val": 0.6566666666666667, "val_f1": 0.617412209682834, "train_f1": 0.9710815500289184, "_timestamp": 1655187207, "_runtime": 30, "_step": 299, "_wandb": {"runtime": 31}}